Month,SST_Average_2003_2017
January,14.21878
February,14.02178
March,14.02178
April,13.50726
May,14.34537
June,16.04994
July,17.92442
August,18.39614
September,18.44032
October,17.75588
November,16.46726
December,14.9212
